{"cameraMode":{"drawMode":0,"name":"Shaded","section":"Shading Mode"},"sceneLighting":false,"audioPlay":false,"sceneViewState":{"m_AlwaysRefresh":false,"showFog":true,"showSkybox":false,"showFlares":true,"showImageEffects":true,"showParticleSystems":true,"showVisualEffectGraphs":true,"m_FxEnabled":true},"in2DMode":false,"pivot":{"x":0.0030548572540283205,"y":0.032185912132263187,"z":0.14041182398796082},"rotation":{"x":0.1740686446428299,"y":0.646696150302887,"z":-0.15496855974197389,"w":0.7263256907463074},"size":2.0105719566345217,"orthographic":false}